INSERT INTO player(user_name) VALUES('player1');
INSERT INTO player(user_name) VALUES('player2');
INSERT INTO player(user_name) VALUES('player3');
INSERT INTO player(user_name) VALUES('player4');
INSERT INTO player(user_name) VALUES('player5');
INSERT INTO player(user_name) VALUES('player6');
INSERT INTO player(user_name) VALUES('player7');
INSERT INTO player(user_name) VALUES('player8');
INSERT INTO player(user_name) VALUES('player9');
INSERT INTO player(user_name) VALUES('player10');
INSERT INTO player(user_name) VALUES('player11');
INSERT INTO player(user_name) VALUES('player12');
INSERT INTO player(user_name) VALUES('player13');
INSERT INTO player(user_name) VALUES('player14');
INSERT INTO player(user_name) VALUES('player15');



INSERT INTO category(category_name) VALUES('overall');
INSERT INTO category(category_name) VALUES('attack');
INSERT INTO category(category_name) VALUES('defense');
INSERT INTO category(category_name) VALUES('magic');
INSERT INTO category(category_name) VALUES('cooking');
INSERT INTO category(category_name) VALUES('crafting');


INSERT INTO category_detail(user_name, category_name, level, score) VALUES('player1','attack',99,99999);
INSERT INTO category_detail(user_name, category_name, level, score) VALUES('player1','defense',99,99999);
INSERT INTO category_detail(user_name, category_name, level, score) VALUES('player1','magic',99,99999);
INSERT INTO category_detail(user_name, category_name, level, score) VALUES('player1','cooking',99,99999);
INSERT INTO category_detail(user_name, category_name, level, score) VALUES('player1','crafting',99,99999);
INSERT INTO category_detail(user_name, category_name, level, score) VALUES('player1','overall',495,499995);

INSERT INTO category_detail(user_name, category_name, level, score) VALUES('player2','attack',99,77777);
INSERT INTO category_detail(user_name, category_name, level, score) VALUES('player2','defense',99,77777);
INSERT INTO category_detail(user_name, category_name, level, score) VALUES('player2','magic',99,77777);
INSERT INTO category_detail(user_name, category_name, level, score) VALUES('player2','cooking',99,77777);
INSERT INTO category_detail(user_name, category_name, level, score) VALUES('player2','crafting',99,77777);
INSERT INTO category_detail(user_name, category_name, level, score) VALUES('player2','overall',495,388885);

INSERT INTO category_detail(user_name, category_name, level, score) VALUES('player3','attack',99,66666);
INSERT INTO category_detail(user_name, category_name, level, score) VALUES('player3','defense',99,66666);
INSERT INTO category_detail(user_name, category_name, level, score) VALUES('player3','magic',99,66666);
INSERT INTO category_detail(user_name, category_name, level, score) VALUES('player3','cooking',99,66666);
INSERT INTO category_detail(user_name, category_name, level, score) VALUES('player3','crafting',99,66666);
INSERT INTO category_detail(user_name, category_name, level, score) VALUES('player3','overall',495,333334);

INSERT INTO category_detail(user_name, category_name, level, score) VALUES('player4','attack',99,88888);
INSERT INTO category_detail(user_name, category_name, level, score) VALUES('player4','defense',99,88888);
INSERT INTO category_detail(user_name, category_name, level, score) VALUES('player4','magic',99,88888);
INSERT INTO category_detail(user_name, category_name, level, score) VALUES('player4','cooking',99,88888);
INSERT INTO category_detail(user_name, category_name, level, score) VALUES('player4','crafting',99,88888);
INSERT INTO category_detail(user_name, category_name, level, score) VALUES('player4','overall',495,444440);

INSERT INTO category_detail(user_name, category_name, level, score) VALUES('player5','attack',99,11111);
INSERT INTO category_detail(user_name, category_name, level, score) VALUES('player5','defense',99,11111);
INSERT INTO category_detail(user_name, category_name, level, score) VALUES('player5','magic',99,11111);
INSERT INTO category_detail(user_name, category_name, level, score) VALUES('player5','cooking',99,11111);
INSERT INTO category_detail(user_name, category_name, level, score) VALUES('player5','crafting',99,11111);
INSERT INTO category_detail(user_name, category_name, level, score) VALUES('player5','overall',495,55555);

INSERT INTO category_detail(user_name, category_name, level, score) VALUES('player6','attack',99,22222);
INSERT INTO category_detail(user_name, category_name, level, score) VALUES('player6','defense',99,22222);
INSERT INTO category_detail(user_name, category_name, level, score) VALUES('player6','magic',99,22222);
INSERT INTO category_detail(user_name, category_name, level, score) VALUES('player6','cooking',99,22222);
INSERT INTO category_detail(user_name, category_name, level, score) VALUES('player6','crafting',99,22222);
INSERT INTO category_detail(user_name, category_name, level, score) VALUES('player6','overall',495,111110);

INSERT INTO category_detail(user_name, category_name, level, score) VALUES('player7','attack',99,3333333);
INSERT INTO category_detail(user_name, category_name, level, score) VALUES('player7','defense',99,3333333);
INSERT INTO category_detail(user_name, category_name, level, score) VALUES('player7','magic',99,3333333);
INSERT INTO category_detail(user_name, category_name, level, score) VALUES('player7','cooking',99,3333333);
INSERT INTO category_detail(user_name, category_name, level, score) VALUES('player7','crafting',99,3333333);
INSERT INTO category_detail(user_name, category_name, level, score) VALUES('player7','overall',495,16666665);

INSERT INTO category_detail(user_name, category_name, level, score) VALUES('player8','attack',99,44444);
INSERT INTO category_detail(user_name, category_name, level, score) VALUES('player8','defense',99,44444);
INSERT INTO category_detail(user_name, category_name, level, score) VALUES('player8','magic',99,44444);
INSERT INTO category_detail(user_name, category_name, level, score) VALUES('player8','cooking',99,44444);
INSERT INTO category_detail(user_name, category_name, level, score) VALUES('player8','crafting',99,44444);
INSERT INTO category_detail(user_name, category_name, level, score) VALUES('player8','overall',495,222220);

INSERT INTO category_detail(user_name, category_name, level, score) VALUES('player9','attack',99,55555);
INSERT INTO category_detail(user_name, category_name, level, score) VALUES('player9','defense',99,55555);
INSERT INTO category_detail(user_name, category_name, level, score) VALUES('player9','magic',99,55555);
INSERT INTO category_detail(user_name, category_name, level, score) VALUES('player9','cooking',99,55555);
INSERT INTO category_detail(user_name, category_name, level, score) VALUES('player9','crafting',99,55555);
INSERT INTO category_detail(user_name, category_name, level, score) VALUES('player9','overall',495,277775);

INSERT INTO category_detail(user_name, category_name, level, score) VALUES('player10','attack',99,1111);
INSERT INTO category_detail(user_name, category_name, level, score) VALUES('player10','defense',99,1111);
INSERT INTO category_detail(user_name, category_name, level, score) VALUES('player10','magic',99,1111);
INSERT INTO category_detail(user_name, category_name, level, score) VALUES('player10','cooking',99,1111);
INSERT INTO category_detail(user_name, category_name, level, score) VALUES('player10','crafting',99,1111);
INSERT INTO category_detail(user_name, category_name, level, score) VALUES('player10','overall',495,5555);

INSERT INTO category_detail(user_name, category_name, level, score) VALUES('player11','attack',99,4444);
INSERT INTO category_detail(user_name, category_name, level, score) VALUES('player11','defense',99,4444);
INSERT INTO category_detail(user_name, category_name, level, score) VALUES('player11','magic',99,4444);
INSERT INTO category_detail(user_name, category_name, level, score) VALUES('player11','cooking',99,4444);
INSERT INTO category_detail(user_name, category_name, level, score) VALUES('player11','crafting',99,4444);
INSERT INTO category_detail(user_name, category_name, level, score) VALUES('player11','overall',495,22220);

INSERT INTO category_detail(user_name, category_name, level, score) VALUES('player12','attack',99,5555);
INSERT INTO category_detail(user_name, category_name, level, score) VALUES('player12','defense',99,5555);
INSERT INTO category_detail(user_name, category_name, level, score) VALUES('player12','magic',99,5555);
INSERT INTO category_detail(user_name, category_name, level, score) VALUES('player12','cooking',99,5555);
INSERT INTO category_detail(user_name, category_name, level, score) VALUES('player12','crafting',99,5555);
INSERT INTO category_detail(user_name, category_name, level, score) VALUES('player12','overall',495,27775);

INSERT INTO category_detail(user_name, category_name, level, score) VALUES('player13','attack',99,7777);
INSERT INTO category_detail(user_name, category_name, level, score) VALUES('player13','defense',99,7777);
INSERT INTO category_detail(user_name, category_name, level, score) VALUES('player13','magic',99,7777);
INSERT INTO category_detail(user_name, category_name, level, score) VALUES('player13','cooking',99,7777);
INSERT INTO category_detail(user_name, category_name, level, score) VALUES('player13','crafting',99,7777);
INSERT INTO category_detail(user_name, category_name, level, score) VALUES('player13','overall',495,38885);

INSERT INTO category_detail(user_name, category_name, level, score) VALUES('player14','attack',99,8888);
INSERT INTO category_detail(user_name, category_name, level, score) VALUES('player14','defense',99,8888);
INSERT INTO category_detail(user_name, category_name, level, score) VALUES('player14','magic',99,8888);
INSERT INTO category_detail(user_name, category_name, level, score) VALUES('player14','cooking',99,8888);
INSERT INTO category_detail(user_name, category_name, level, score) VALUES('player14','crafting',99,8888);
INSERT INTO category_detail(user_name, category_name, level, score) VALUES('player14','overall',495,44440);

INSERT INTO category_detail(user_name, category_name, level, score) VALUES('player15','attack',99,9999);
INSERT INTO category_detail(user_name, category_name, level, score) VALUES('player15','defense',99,9999);
INSERT INTO category_detail(user_name, category_name, level, score) VALUES('player15','magic',99,9999);
INSERT INTO category_detail(user_name, category_name, level, score) VALUES('player15','cooking',99,9999);
INSERT INTO category_detail(user_name, category_name, level, score) VALUES('player15','crafting',99,9999);
INSERT INTO category_detail(user_name, category_name, level, score) VALUES('player15','overall',495,49995);